signal,background,label
0.048721,0.518164,1
-0.110099,-0.089034,0
0.502504,0.510574,1
0.345076,-1.420837,0
-0.569773,-0.306575,0
0.739554,0.045455,1
-0.39387,0.377595,0
0.325894,-1.141561,0
0.54146,-0.424709,1
0.212656,0.461474,1
-0.958465,1.206308,0
-1.009986,0.859373,0
0.642045,-0.174406,1
1.220108,-0.617812,1
-1.364014,0.021702,0
-0.935595,-0.074223,0
0.268592,1.521065,1
-0.228939,0.102977,0
0.658327,0.79393,1
-0.116356,0.906027,1
-1.000798,-0.525456,0
-0.687804,-0.319259,0
0.599364,0.019071,1
0.951897,-1.353352,1
-0.571107,0.748617,0
-0.139611,-0.369921,0
-1.928177,0.626802,0
-1.087469,0.413847,0
-1.030371,-0.540723,0
1.496903,-1.013177,1
-0.917186,-0.217924,0
-1.815966,-0.012321,0
0.025208,-0.299355,0
-0.843147,-0.102528,0
-0.676066,-0.356487,0
-0.827313,0.559452,0
-0.416182,0.91969,0
-0.869514,-0.301058,0
-0.711358,0.420392,0
1.096913,0.730581,1
1.565187,0.502571,1
-1.553641,0.179418,0
1.002384,0.668058,1
0.070209,0.135343,1
0.112227,-1.765327,0
-0.834053,0.517905,0
1.143711,-0.798432,1
-0.577789,0.366124,0
0.381337,-0.224307,1
-0.816242,0.730648,0
0.872581,-1.409387,1
-1.483869,0.501347,0
0.133036,-0.924892,0
-0.29917,0.099718,0
1.00788,0.528082,1
0.575777,0.6409,1
0.116728,0.013028,1
-0.117401,0.654436,1
-0.524101,-1.35209,0
0.951007,0.625357,1
2.317135,0.822753,1
-0.309803,-0.502313,0
1.853214,0.806512,1
-1.474584,-0.598751,0
-0.083727,1.066261,1
-0.59266,-2.217515,0
0.601733,-1.453982,1
-0.330144,-1.741682,0
-0.537797,-0.053329,0
-1.867074,-1.05469,0
0.296244,-0.521133,1
0.709,-0.64037,1
-1.172321,-1.158651,0
0.507481,0.946408,1
0.168387,0.773797,1
0.789875,-1.356159,1
-0.912729,-0.119467,0
0.163709,0.146135,1
-0.116229,-0.597292,0
0.090082,0.091583,1
-0.28464,0.58385,0
-0.2802,-0.105117,0
0.254062,-0.612,1
1.491461,-0.947628,1
0.459734,-1.399294,1
-0.175073,-0.929418,0
-0.55206,1.647099,0
-0.397496,0.218041,0
-0.578608,1.583032,0
2.719021,-1.058246,1
-1.574093,-0.874744,0
1.152579,-0.120109,1
-2.117541,-1.281589,0
0.20021,-0.1657,1
1.376437,0.144717,1
-0.382089,-0.598332,0
-0.751871,-1.103445,0
-0.249552,0.79842,0
-0.740264,-0.360931,0
0.173563,1.232696,1
0.141343,0.144688,1
0.660703,0.134282,1
0.153338,-0.370285,1
1.257914,0.210539,1
-0.670959,0.53001,0
0.118358,-1.534485,0
0.230515,-0.682871,1
-0.307544,0.706605,0
0.886909,0.638452,1
0.213342,1.267733,1
-1.055438,1.495353,0
0.844461,-0.622909,1
-1.565008,0.091828,0
-0.063055,-0.873446,0
-0.717155,0.525735,0
0.506585,-0.143604,1
0.45524,-0.032063,1
-1.391355,-1.02162,0
0.206585,-0.278386,1
0.202237,0.702531,1
-1.034107,-1.328962,0
0.368253,-0.037435,1
0.207377,0.294797,1
3.305537,0.0782,1
0.1896,-0.27402,1
-0.589667,-0.708501,0
1.130067,0.865071,1
-1.13702,-1.915442,0
0.904683,0.988527,1
-0.290391,0.095661,0
0.105877,-0.708395,0
-1.079034,0.361616,0
0.943395,0.153734,1
1.191729,0.198173,1
-0.776291,0.52875,0
-0.278693,-0.769593,0
0.72973,0.611388,1
-0.810567,-0.492368,0
-0.073672,-1.611212,0
-0.308124,-1.072287,0
-0.175896,-0.896224,0
0.487387,-2.010981,0
1.95308,-2.048581,1
1.622982,-0.011456,1
-0.690289,2.679033,1
-0.277339,0.162994,0
-1.288291,-0.559183,0
-0.528415,0.547955,0
0.460106,1.289778,1
-0.165052,-0.191226,0
-1.890535,0.925998,0
-0.911374,-1.201016,0
1.716704,-0.714727,1
-1.362988,-0.790611,0
-0.624435,-0.719638,0
0.574621,-0.096846,1
1.360556,0.381851,1
0.69317,-1.887855,1
-0.859874,0.213125,0
-0.46104,-0.23068,0
