point_id,x,y,true_shape
1,0.1769,1.0079,upper
2,2.0136,0.4031,lower
3,0.2959,-0.211,lower
4,1.8723,0.4204,lower
5,0.9202,0.089,upper
6,-0.7983,0.6764,upper
7,1.7432,-0.1361,lower
8,0.0638,0.2915,lower
9,-0.5802,0.7593,upper
10,0.6116,-0.3665,lower
11,-0.7316,0.6626,upper
12,0.9288,0.335,upper
13,0.7359,-0.4623,lower
14,-0.1141,0.9794,upper
15,-0.9151,0.1281,upper
16,-0.4772,0.8597,upper
17,0.8232,-0.4409,lower
18,0.0605,0.4095,lower
19,0.476,-0.3611,lower
20,0.6834,0.7548,upper
21,-0.5978,0.8268,upper
22,0.4486,-0.3064,lower
23,0.0637,0.185,lower
24,0.9793,0.2654,upper
25,0.5576,-0.4119,lower
26,1.463,-0.4593,lower
27,0.6929,0.6141,upper
28,-0.9387,0.0122,upper
29,0.0265,0.1138,lower
30,0.3988,1.0284,upper
31,0.9276,-0.4846,lower
32,1.9787,0.121,lower
33,0.0771,1.1067,upper
34,-0.5018,0.8013,upper
35,1.8524,-0.0641,lower
36,1.775,-0.177,lower
37,0.0826,0.2245,lower
38,0.0628,0.3416,lower
39,1.6834,-0.226,lower
40,-0.48,0.9624,upper
41,0.9117,0.1809,upper
42,0.4853,0.8012,upper
43,2.0972,0.1972,lower
44,1.925,0.1475,lower
45,-0.0588,1.0524,upper
46,-0.7283,0.6559,upper
47,0.067,0.957,upper
48,-0.8308,0.5011,upper
49,-0.8738,0.5842,upper
50,0.5377,-0.2818,lower
51,0.2343,1.0442,upper
52,-0.9267,0.0771,upper
53,-0.5749,0.9061,upper
54,1.9203,0.0432,lower
55,-0.902,0.6658,upper
56,0.901,0.3385,upper
57,0.5599,-0.411,lower
58,0.1868,1.0735,upper
59,0.4785,0.859,upper
60,0.6034,0.9001,upper
61,1.0476,0.0458,upper
62,0.964,0.315,upper
63,-0.898,0.3219,upper
64,0.7561,0.5228,upper
65,-0.0541,0.2739,lower
66,1.0528,0.1204,upper
67,1.7577,-0.1651,lower
68,-0.8972,0.2993,upper
69,0.9257,0.4021,upper
70,0.1013,1.0215,upper
71,0.6878,0.7679,upper
72,0.8469,0.6005,upper
73,0.2908,0.8421,upper
74,0.0462,0.2598,lower
75,-1.0531,-0.1072,upper
76,0.1694,0.035,lower
77,0.3388,-0.2752,lower
78,1.2617,-0.4221,lower
79,-0.0021,0.0027,lower
80,0.8198,-0.4584,lower
81,0.7136,0.485,upper
82,1.6756,-0.195,lower
83,1.0738,0.2948,upper
84,0.171,-0.1889,lower
85,-1.0422,0.1896,upper
86,0.0835,0.3044,lower
87,1.8236,-0.04,lower
88,-0.1764,0.2168,lower
89,0.3719,0.904,upper
90,0.0412,0.144,lower
91,1.3757,-0.4095,lower
92,-0.9178,0.6267,upper
93,-0.8646,0.5077,upper
94,1.975,0.0613,lower
95,1.6798,-0.1765,lower
96,0.9504,0.2445,upper
97,1.9341,0.0653,lower
98,1.937,0.5477,lower
99,0.9668,0.279,upper
100,1.6176,-0.2437,lower
101,1.9447,0.1361,lower
102,1.8692,0.0089,lower
103,0.9626,0.2325,upper
104,1.9118,-0.078,lower
105,0.975,-0.5354,lower
106,-0.7433,0.7003,upper
107,0.8335,0.4266,upper
108,1.9388,0.4753,lower
109,1.5245,-0.406,lower
110,1.7546,-0.0409,lower
111,0.9546,0.5183,upper
112,0.515,0.9264,upper
113,1.2939,-0.4832,lower
114,-0.8577,0.5269,upper
115,0.0508,0.2216,lower
116,1.0772,0.1012,upper
117,-0.8293,0.5543,upper
118,-0.9856,0.206,upper
119,-0.7268,0.5927,upper
120,0.0668,0.4823,lower
121,-0.3989,0.8906,upper
122,1.0918,0.3122,upper
123,0.902,-0.514,lower
124,-0.4572,0.9081,upper
125,-0.7333,0.693,upper
126,1.0144,-0.5156,lower
127,0.9619,0.2138,upper
128,0.0361,0.1105,lower
129,0.827,0.2597,upper
130,-0.9132,0.4128,upper
131,0.6827,-0.398,lower
132,0.7372,-0.464,lower
133,-1.1389,0.0672,upper
134,-0.3398,0.9488,upper
135,0.9942,0.2157,upper
136,1.4051,-0.3109,lower
137,0.3642,0.7807,upper
138,1.3464,-0.4957,lower
139,0.9041,0.5188,upper
140,-0.0279,0.4027,lower
141,1.8299,-0.2329,lower
142,0.1506,-0.0285,lower
143,-0.6487,0.6643,upper
144,0.0772,0.9443,upper
145,-0.9079,0.2606,upper
146,-0.8402,0.5444,upper
147,1.1856,-0.404,lower
148,1.8917,0.1443,lower
149,0.3388,-0.379,lower
150,1.6868,-0.0738,lower
151,-0.1589,1.0981,upper
152,1.9932,0.074,lower
153,1.0574,0.1653,upper
154,-0.3146,1.0956,upper
155,0.0366,0.0641,lower
156,-0.1368,0.1839,lower
157,0.2241,-0.2243,lower
158,0.7509,-0.5564,lower
159,-0.6034,0.8038,upper
160,1.1325,-0.4921,lower
161,0.761,-0.5433,lower
162,-0.5268,0.8128,upper
163,0.5181,-0.3394,lower
164,2.0766,0.3539,lower
165,1.8748,-0.1117,lower
166,1.8693,0.3192,lower
167,-0.1465,1.016,upper
168,1.7428,-0.0463,lower
169,-1.0446,0.0133,upper
170,0.6137,0.7114,upper
171,0.0618,0.3943,lower
172,0.3054,-0.1693,lower
173,0.6738,0.686,upper
174,0.8755,0.6502,upper
175,0.3897,-0.1725,lower
176,1.3732,-0.4106,lower
177,0.0325,0.1123,lower
178,0.7866,-0.4762,lower
179,2.0868,0.3096,lower
180,0.4612,0.8698,upper
181,0.0816,0.9963,upper
182,-0.849,0.2133,upper
183,0.2892,0.9182,upper
184,0.9594,-0.4532,lower
185,-0.8994,0.4327,upper
186,0.674,0.7164,upper
187,-1.0034,0.5692,upper
188,1.3185,-0.4406,lower
189,0.2912,-0.2339,lower
190,0.988,0.5319,upper
191,0.2469,0.8934,upper
192,-0.7254,0.7803,upper
193,1.4818,-0.2738,lower
194,1.8411,-0.0156,lower
195,1.3663,-0.4309,lower
196,0.2168,-0.1219,lower
197,1.9842,0.4754,lower
198,2.0278,0.4178,lower
199,0.1036,0.1818,lower
200,0.6134,0.8009,upper
201,0.844,-0.4904,lower
202,-0.1437,0.5525,lower
203,0.1249,0.0733,lower
204,0.8489,0.4911,upper
205,0.9074,-0.5711,lower
206,0.8864,0.4837,upper
207,1.82,-0.0044,lower
208,0.8763,0.4955,upper
209,-0.992,0.2682,upper
210,-0.8977,0.5222,upper
211,0.1299,-0.069,lower
212,-0.6943,0.7673,upper
213,1.6681,-0.3824,lower
214,1.7241,-0.1301,lower
215,-0.2328,0.8334,upper
216,0.6975,0.7952,upper
217,1.454,-0.3134,lower
218,1.8187,-0.1594,lower
219,-0.7176,0.523,upper
220,0.9836,-0.4438,lower
221,1.8708,-0.0131,lower
222,0.1769,0.9909,upper
223,-1.1109,0.1615,upper
224,0.2313,1.0004,upper
225,0.8547,0.4318,upper
226,0.0576,0.2798,lower
227,0.4923,0.9378,upper
228,0.8749,0.1813,upper
229,0.307,-0.1393,lower
230,1.7861,-0.1037,lower
231,-0.0826,0.213,lower
232,-0.4385,0.8776,upper
233,1.5933,-0.2516,lower
234,0.662,-0.3658,lower
235,1.5285,-0.3692,lower
236,-0.8678,0.595,upper
237,-0.7584,0.5076,upper
238,1.793,-0.043,lower
239,0.6337,0.7405,upper
240,0.1033,1.1251,upper
241,1.7137,-0.3589,lower
242,2.0634,0.3126,lower
243,1.0456,0.2124,upper
244,0.618,-0.4442,lower
245,1.4902,-0.4349,lower
246,-0.4583,0.837,upper
247,0.3657,-0.3161,lower
248,-0.9245,0.4872,upper
249,0.266,-0.1353,lower
250,-0.8266,0.5894,upper
251,-0.8593,0.3252,upper
252,0.3668,-0.3841,lower
253,0.0407,0.3244,lower
254,1.599,-0.0211,lower
255,-0.8489,0.3827,upper
256,-0.3729,0.8413,upper
257,1.7365,-0.1037,lower
258,0.3428,1.0137,upper
259,0.8619,-0.4123,lower
260,1.0978,0.1845,upper
261,-0.1586,0.9922,upper
262,-0.2413,0.872,upper
263,1.4481,-0.302,lower
264,0.1832,0.053,lower
265,2.0543,0.4884,lower
266,-0.0306,0.4388,lower
267,1.8099,-0.11,lower
268,1.9839,0.4154,lower
269,0.1069,0.3028,lower
270,-0.7822,0.5971,upper
271,-0.0096,0.9791,upper
272,0.955,0.0006,upper
273,0.0501,0.1186,lower
274,0.0528,0.9723,upper
275,0.4749,0.8468,upper
276,-0.0324,0.3612,lower
277,0.7603,0.6329,upper
278,0.5005,-0.3901,lower
279,0.9412,0.3478,upper
280,1.7347,-0.1711,lower
281,0.2858,0.973,upper
282,0.1695,0.9968,upper
283,-1.0469,-0.0642,upper
284,-0.7174,0.6675,upper
285,0.8729,0.4364,upper
286,0.3792,-0.2327,lower
287,1.8073,-0.1784,lower
288,0.9814,0.3148,upper
289,0.5474,0.7726,upper
290,-0.7844,0.5168,upper
291,-0.5722,0.8642,upper
292,-0.8268,0.5485,upper
293,0.1461,0.0511,lower
294,0.9491,-0.3547,lower
295,-0.8364,0.3399,upper
296,1.8333,-0.1588,lower
297,0.6171,-0.4479,lower
298,-0.8805,0.5372,upper
299,0.6886,-0.4622,lower
300,0.2426,-0.1437,lower
