tube_id,condition,activity_u_per_mg,batch
T01,control,54.12,A
T02,control,56.57,B
T03,control,54.59,A
T04,control,46.11,B
T05,control,44.43,A
T06,control,50.27,B
T07,control,53.45,A
T08,control,52.04,B
T09,control,57.24,A
T10,control,53.0,B
T11,control,52.56,A
T12,control,47.07,B
T13,inhibitor,34.69,A
T14,inhibitor,54.13,B
T15,inhibitor,43.37,A
T16,inhibitor,49.09,B
T17,inhibitor,32.68,A
T18,inhibitor,39.73,B
T19,inhibitor,33.32,A
T20,inhibitor,37.18,B
T21,inhibitor,49.77,A
T22,inhibitor,31.9,B
T23,inhibitor,38.99,A
T24,inhibitor,44.23,B
T25,inhibitor,37.99,A
T26,inhibitor,41.11,B
