cell_id,area_um2,intensity,granularity,elongation,true_group
1,137.11,0.5311,28.995,1.552,C
2,153.84,0.6178,24.863,1.649,C
3,145.87,0.5762,22.78,1.6122,C
4,87.19,0.2451,14.615,1.2279,A
5,127.88,0.4559,21.637,1.284,B
6,129.92,0.5492,19.657,1.2363,B
7,93.59,0.2688,8.854,1.148,A
8,141.81,0.5673,21.669,1.4777,C
9,94.4,0.2338,13.895,1.0967,A
10,88.91,0.2386,10.787,1.1652,A
11,88.96,0.3555,16.462,0.9834,A
12,92.3,0.3408,11.221,1.0823,A
13,150.88,0.5907,23.06,1.3946,B
14,91.16,0.3614,10.915,1.0617,A
15,153.56,0.6938,22.023,1.8183,C
16,138.94,0.5493,21.122,1.5038,B
17,140.94,0.6855,18.909,1.2788,B
18,128.76,0.5752,30.631,1.6025,C
19,154.19,0.6163,31.312,1.5234,C
20,91.24,0.2963,11.987,1.0335,A
21,130.65,0.5122,24.084,1.3997,B
22,145.2,0.6304,28.65,1.7989,C
23,148.81,0.4994,15.074,1.4417,B
24,145.68,0.5231,23.256,1.3729,B
25,100.14,0.3542,10.513,1.1719,A
26,143.64,0.6922,22.859,1.5708,C
27,82.24,0.2153,11.438,1.0963,A
28,150.8,0.5602,28.485,1.4831,C
29,138.36,0.4969,16.395,1.4406,B
30,80.89,0.2311,10.854,1.1144,A
31,132.57,0.6346,24.15,1.2638,B
32,104.49,0.2819,12.551,1.0741,A
33,127.95,0.558,25.973,1.4368,B
34,163.08,0.565,18.041,1.5327,B
35,81.58,0.3964,8.045,1.085,A
36,92.45,0.269,13.104,1.1952,A
37,141.49,0.5811,17.485,1.2914,B
38,137.53,0.5927,16.837,1.3891,B
39,145.56,0.5201,23.129,1.7428,C
40,137.83,0.7356,24.753,1.8572,C
41,79.12,0.296,11.963,1.1485,A
42,146.32,0.5543,28.039,1.4145,C
43,150.77,0.693,17.081,1.492,B
44,75.26,0.32,8.683,1.1803,A
45,134.73,0.5041,18.615,1.1359,B
46,151.09,0.4155,19.217,1.3288,B
47,92.7,0.2646,9.544,1.0105,A
48,152.06,0.463,21.557,1.3639,B
49,141.81,0.5968,25.5,1.702,C
50,92.61,0.3864,12.035,0.9447,A
51,81.83,0.3595,9.379,1.0173,A
52,127.95,0.5932,22.013,1.6242,B
53,93.32,0.2325,10.715,1.0802,A
54,88.58,0.277,8.955,1.1019,A
55,144.51,0.5584,15.838,1.3675,B
56,142.48,0.539,18.226,1.3987,B
57,84.54,0.3659,12.116,1.1072,A
58,87.95,0.3107,13.702,1.1567,A
59,153.58,0.5551,26.371,1.5843,C
60,142.58,0.5032,21.418,1.2146,B
61,116.83,0.5868,18.095,1.338,B
62,156.98,0.7322,28.218,1.6411,C
63,141.83,0.5882,24.25,1.8393,C
64,136.1,0.4742,19.834,1.512,B
65,161.4,0.6575,24.258,1.6657,C
66,85.44,0.2584,10.227,1.128,A
67,93.37,0.1679,9.913,1.1067,A
68,126.06,0.4344,27.562,1.789,C
69,141.84,0.4619,16.876,1.4396,B
70,147.66,0.5565,19.255,1.2813,B
71,105.79,0.305,13.076,1.153,A
72,93.38,0.4124,12.925,1.0953,A
73,90.91,0.1571,10.405,1.0882,A
74,149.39,0.6016,25.564,1.7148,C
75,145.61,0.4371,24.378,1.7139,C
76,97.1,0.239,11.232,1.0607,A
77,84.65,0.2874,11.556,1.1335,A
78,143.59,0.5519,17.835,1.2043,B
79,140.47,0.5701,20.3,1.5493,B
80,140.02,0.4911,23.63,1.5364,B
81,161.33,0.6522,26.459,1.4619,C
82,135.06,0.6734,23.877,1.7027,C
83,99.65,0.2322,12.315,0.9943,A
84,142.54,0.5059,20.854,1.7844,C
85,145.57,0.4295,20.959,1.5775,B
86,94.91,0.3006,8.704,1.1235,A
87,149.62,0.628,20.479,1.2935,C
88,87.17,0.3013,13.206,0.9818,A
89,147.16,0.558,24.315,1.6418,C
90,135.41,0.5349,19.109,1.4322,B
91,83.49,0.2686,11.212,1.1595,A
92,75.1,0.3457,7.625,0.9855,A
93,81.49,0.3189,10.483,1.148,A
94,143.08,0.4465,19.574,1.257,B
95,87.75,0.3092,13.406,1.1463,A
96,139.65,0.4422,23.847,1.3009,B
97,94.29,0.3203,13.282,0.9575,A
98,135.59,0.6614,26.935,1.5064,C
99,133.02,0.585,19.267,1.3839,B
100,137.58,0.538,19.478,1.3477,B
101,120.79,0.5296,22.245,1.2631,B
102,126.22,0.6182,26.076,1.671,C
103,90.26,0.3346,14.045,0.9981,A
104,138.44,0.5932,24.824,1.2831,C
105,127.6,0.5576,22.608,1.308,B
106,140.35,0.7041,19.668,1.3264,B
107,134.11,0.5512,30.949,1.6959,C
108,105.91,0.3445,12.065,1.1199,A
109,158.51,0.5645,21.204,1.3532,B
110,176.42,0.7614,22.189,1.7428,C
111,83.24,0.3196,6.997,1.096,A
112,137.74,0.5769,21.016,1.2671,B
113,81.94,0.2945,11.251,0.9836,A
114,92.77,0.2279,6.451,1.0118,A
115,102.62,0.3024,12.279,1.111,A
116,95.57,0.2588,11.595,1.1714,A
117,152.9,0.6305,21.696,1.3961,B
118,87.36,0.274,16.641,0.9021,A
119,134.34,0.443,19.062,1.4887,B
120,80.68,0.3389,15.696,1.0908,A
121,151.3,0.7706,25.449,1.8089,C
122,162.52,0.6427,23.876,1.3112,B
123,93.34,0.307,10.345,1.0635,A
124,158.38,0.4471,27.115,1.747,C
125,85.53,0.2907,12.187,1.084,A
126,82.62,0.2797,16.242,1.0784,A
127,123.34,0.4987,23.48,1.5272,B
128,87.09,0.3131,8.746,1.1679,A
129,155.08,0.5464,25.371,1.5849,C
130,104.39,0.2971,12.515,1.1849,A
131,87.47,0.2803,16.075,1.0836,A
132,97.94,0.311,11.724,1.3486,A
133,78.99,0.2782,9.418,1.0379,A
134,132.88,0.5856,19.198,1.3448,B
135,90.58,0.3611,12.782,1.1448,A
136,154.09,0.5849,20.318,1.3268,B
137,142.92,0.5327,25.952,1.4481,B
138,134.92,0.5808,19.491,1.3596,B
139,151.11,0.5008,22.353,1.7515,C
140,133.61,0.6425,18.578,1.4236,B
141,151.89,0.5992,21.443,1.5764,C
142,82.36,0.3387,11.608,1.0054,A
143,96.56,0.2481,10.419,1.2383,A
144,131.54,0.4271,18.23,1.3937,B
145,142.88,0.5416,23.366,1.349,B
146,94.88,0.3373,8.951,1.1756,A
147,79.05,0.3529,13.155,0.9858,A
148,133.61,0.4632,19.641,1.3149,B
149,89.56,0.2786,11.421,1.0973,A
150,146.56,0.5489,21.639,1.4283,B
151,165.4,0.6099,23.442,1.6827,C
152,104.48,0.3375,13.28,1.0415,A
153,87.06,0.332,13.907,1.3472,A
154,99.7,0.3483,14.112,0.832,A
155,90.19,0.3216,9.345,1.0444,A
156,81.14,0.3742,12.098,1.1649,A
157,139.07,0.4809,18.583,1.4012,B
158,86.27,0.2252,11.745,1.1157,A
159,134.24,0.5995,18.541,1.1987,B
160,85.62,0.2228,13.811,1.0504,A
161,121.39,0.7285,21.052,1.6382,C
162,133.19,0.5025,21.438,1.3811,B
163,127.03,0.6113,21.962,1.5866,C
164,142.32,0.5083,25.774,1.7568,C
165,139.48,0.5477,22.723,1.3525,B
166,135.07,0.5131,18.847,1.4368,B
167,150.95,0.6275,15.297,1.5034,B
168,133.45,0.6285,23.723,1.3729,B
169,139.9,0.5249,20.016,1.295,B
170,93.41,0.2399,9.767,1.1125,A
171,123.41,0.5396,25.943,1.5338,B
172,142.22,0.606,18.762,1.5698,B
173,101.99,0.335,10.294,1.0385,A
174,86.29,0.2483,10.94,1.0437,A
175,94.45,0.3226,11.161,0.9622,A
176,109.32,0.3709,13.899,1.1172,A
177,140.26,0.5445,30.62,1.657,C
178,137.1,0.556,14.407,1.36,B
179,162.43,0.5774,23.408,1.6744,C
180,72.06,0.3131,12.746,1.2148,A
181,87.91,0.3395,12.379,1.1191,A
182,138.74,0.5672,17.398,1.5173,B
183,138.49,0.6514,19.103,1.4963,B
184,132.52,0.5649,18.098,1.4169,B
185,133.58,0.5122,21.995,1.4631,B
186,161.14,0.5905,18.116,1.5578,B
187,136.56,0.5253,24.941,1.6439,C
188,154.08,0.5413,18.763,1.4716,B
189,173.84,0.5614,22.228,1.575,C
190,70.9,0.2839,12.503,1.1828,A
191,137.25,0.5331,17.01,1.4555,B
192,135.21,0.6694,24.897,1.7365,C
193,96.05,0.3039,6.158,1.3497,A
194,84.16,0.353,10.602,1.0106,A
195,111.5,0.2912,12.825,1.0862,A
196,96.73,0.3831,11.553,1.1176,A
197,140.61,0.6513,18.855,1.6993,C
198,150.26,0.6049,28.071,1.5925,C
199,141.56,0.5663,16.991,1.3699,B
200,129.1,0.3906,18.559,1.4626,B
201,126.15,0.5028,16.392,1.4108,B
202,154.34,0.7421,26.581,1.5446,C
203,85.4,0.2836,14.191,1.107,A
204,148.04,0.586,25.043,1.4534,C
205,86.78,0.2521,14.422,1.0648,A
206,88.41,0.2932,9.059,1.1339,A
207,145.0,0.4384,23.591,1.5092,C
208,88.95,0.3026,12.406,1.0499,A
209,144.83,0.6387,20.688,1.4165,B
210,144.6,0.6082,21.721,1.4885,B
211,97.36,0.3551,14.413,1.0644,A
212,98.45,0.2881,10.78,1.0952,A
213,156.85,0.5995,26.679,1.5815,C
214,133.68,0.639,17.878,1.6382,B
215,132.32,0.5251,21.761,1.4257,B
216,78.86,0.3034,13.723,1.1407,A
217,153.9,0.4865,19.187,1.5018,B
218,134.89,0.5892,21.783,1.7489,C
219,122.86,0.514,20.007,1.345,B
220,124.83,0.5871,20.881,1.6287,C
221,101.69,0.2813,12.983,1.1974,A
222,98.23,0.3821,14.293,1.0221,A
223,99.23,0.2953,13.158,1.0817,A
224,126.76,0.5105,19.565,1.2373,B
225,144.58,0.5247,26.468,1.7142,C
226,146.49,0.5347,18.665,1.2844,B
227,142.46,0.4566,19.114,1.4017,B
228,153.06,0.5496,21.424,1.6678,C
229,133.87,0.439,20.005,1.3433,B
230,142.09,0.6571,21.782,1.6143,C
231,164.63,0.5867,22.885,1.4651,C
232,148.43,0.6464,19.521,1.6545,C
233,141.22,0.7214,24.012,1.3742,B
234,137.68,0.6335,21.74,1.4974,B
235,83.01,0.2135,12.88,1.1306,A
236,145.72,0.5275,18.525,1.2936,B
237,80.99,0.3197,13.523,1.0791,A
238,120.6,0.4659,23.376,1.2783,B
239,86.02,0.3353,13.91,1.2519,A
240,90.46,0.2663,12.989,1.0848,A
241,136.85,0.6908,24.295,1.5234,C
242,152.16,0.4864,21.446,1.3738,B
243,160.89,0.7914,23.001,1.6815,C
244,84.64,0.3681,12.953,1.1117,A
245,76.19,0.2286,11.865,1.2384,A
246,148.76,0.5284,20.509,1.4473,B
247,134.71,0.6508,25.158,1.6027,C
248,154.48,0.6128,23.894,1.4241,C
249,89.98,0.2762,11.496,1.24,A
250,142.47,0.5872,25.954,1.5682,C
251,90.01,0.2724,14.63,1.2188,A
252,136.77,0.665,15.446,1.5353,B
253,100.6,0.2436,13.926,1.2139,A
254,85.12,0.2617,10.736,1.0463,A
255,162.53,0.6674,18.489,1.4157,C
256,86.9,0.2306,7.804,1.1507,A
257,147.11,0.5446,23.034,1.2675,B
258,135.8,0.6765,19.51,1.3462,B
259,88.19,0.2922,12.183,1.0542,A
260,149.73,0.5115,24.486,1.2308,B
261,99.7,0.3341,7.617,1.1206,A
262,134.95,0.5593,20.463,1.5693,B
263,97.08,0.2947,12.722,1.0417,A
264,146.78,0.6103,22.742,1.6395,C
265,130.62,0.4999,24.438,1.4697,B
266,129.64,0.6217,15.408,1.4541,B
267,90.14,0.3668,14.531,1.1568,A
268,133.0,0.5151,18.773,1.3493,B
269,133.11,0.5808,21.039,1.3707,B
270,91.31,0.3392,11.772,1.059,A
271,134.59,0.5276,24.285,1.2256,B
272,93.22,0.3942,15.056,0.9693,A
273,126.01,0.5944,22.883,1.4477,B
274,146.34,0.6444,23.203,1.3689,B
275,80.42,0.3336,9.444,1.1512,A
276,161.02,0.5648,21.245,1.3115,B
277,91.32,0.2901,12.372,1.1142,A
278,128.11,0.5448,20.844,1.2378,B
279,156.35,0.5679,22.967,1.5322,C
280,134.6,0.5204,20.269,1.3524,B
281,136.42,0.5905,20.438,1.348,B
282,176.99,0.5443,25.021,1.6708,C
283,169.92,0.5231,15.317,1.5589,B
284,83.36,0.3528,10.248,1.1104,A
285,164.95,0.6556,21.738,1.6282,C
286,151.44,0.4675,20.438,1.3224,B
287,101.9,0.3551,12.353,1.0032,A
288,151.34,0.7599,29.312,1.3857,C
289,146.29,0.5079,18.422,1.5112,B
290,133.22,0.4932,25.947,1.5995,C
291,152.91,0.69,27.497,1.736,C
292,145.24,0.5095,18.964,1.3926,B
293,141.25,0.5193,17.288,1.3702,B
294,89.64,0.3447,13.024,1.0652,A
295,92.76,0.2545,10.403,1.1091,A
296,140.42,0.5699,21.39,1.3448,B
297,144.58,0.652,19.634,1.3801,B
298,119.47,0.5913,18.47,1.5062,B
299,158.88,0.5272,19.561,1.484,B
300,157.62,0.6676,23.011,1.3091,C
301,84.82,0.3528,13.129,1.0896,A
302,142.31,0.5635,16.747,1.2091,B
303,148.15,0.7057,22.997,1.5356,C
304,83.07,0.2973,13.206,1.0831,A
305,69.49,0.283,10.632,1.0665,A
306,86.39,0.3573,10.399,1.171,A
307,150.39,0.5801,19.126,1.4019,B
308,136.78,0.6216,20.985,1.6522,C
309,93.06,0.2709,10.991,1.1063,A
310,87.25,0.3063,13.315,1.1649,A
311,129.04,0.4997,22.994,1.4526,B
312,145.51,0.5072,16.833,1.3541,B
313,148.43,0.7183,18.399,1.4476,B
314,148.56,0.6065,27.548,1.6488,C
315,81.95,0.2767,10.851,1.2324,A
316,81.47,0.2189,15.294,1.2068,A
317,145.33,0.6161,25.642,1.4494,B
318,145.22,0.5816,19.808,1.2987,B
319,152.12,0.5273,21.526,1.4517,B
320,87.81,0.2726,12.326,1.0796,A
321,137.9,0.5774,21.303,1.5069,C
322,138.25,0.5524,18.291,1.5415,B
323,140.05,0.5939,19.8,1.7039,C
324,127.0,0.566,22.123,1.5196,C
325,135.06,0.4836,20.056,1.3998,B
326,150.47,0.649,18.864,1.3912,B
327,91.17,0.3222,14.241,1.1187,A
328,147.96,0.5012,24.315,1.3172,B
329,158.65,0.5446,21.299,1.8398,C
330,97.22,0.226,10.932,1.1131,A
331,151.0,0.4857,21.084,1.3971,B
332,108.59,0.3473,10.422,1.1565,A
333,139.67,0.5717,18.635,1.2924,B
334,94.5,0.3074,8.948,1.1709,A
335,96.38,0.332,12.135,1.0786,A
336,141.34,0.5027,15.108,1.5291,B
337,138.24,0.4263,22.414,1.3894,B
338,82.34,0.3089,12.968,1.1193,A
339,89.84,0.3613,13.679,1.0715,A
340,93.24,0.3013,8.434,1.0348,A
341,91.55,0.2839,13.239,1.1819,A
342,123.85,0.5542,21.313,1.4628,B
343,154.13,0.6128,19.399,1.3789,B
344,95.2,0.2916,8.514,0.9175,A
345,89.82,0.3034,12.935,0.9719,A
346,91.01,0.3336,13.161,1.0459,A
347,73.54,0.3191,14.765,1.0789,A
348,138.99,0.4886,18.67,1.4416,B
349,86.55,0.3136,12.114,1.134,A
350,141.17,0.5497,20.946,1.2549,B
351,151.29,0.55,23.61,1.3606,B
352,88.14,0.2886,15.824,0.9936,A
353,138.3,0.5903,20.339,1.5122,B
354,125.02,0.4925,17.612,1.4715,B
355,91.8,0.3829,10.673,1.1959,A
356,90.95,0.2714,13.32,1.1333,A
357,81.76,0.3904,12.986,1.1355,A
358,136.76,0.5838,17.917,1.3322,B
359,151.99,0.6157,21.27,1.1737,B
360,127.05,0.5301,18.328,1.7563,C
