customer,tenure_months,monthly_charge,support_tickets,churned
1,37.0,41.4,2,0
2,41.0,95.2,4,1
3,37.0,81.8,4,1
4,70.0,110.4,2,1
5,45.0,107.8,2,1
6,41.0,54.3,2,0
7,21.0,44.9,0,0
8,40.0,22.9,0,0
9,34.0,73.3,3,1
10,44.0,21.3,3,0
11,67.0,69.5,1,0
12,18.0,54.1,0,1
13,23.0,52.8,1,1
14,29.0,107.0,1,1
15,20.0,95.4,0,1
16,26.0,86.6,1,1
17,67.0,63.9,2,1
18,28.0,77.2,2,0
19,56.0,80.6,1,0
20,4.0,50.6,2,1
21,22.0,101.0,1,1
22,51.0,31.0,4,1
23,33.0,29.5,2,1
24,64.0,23.9,2,0
25,32.0,111.5,1,1
26,45.0,49.3,4,0
27,43.0,27.7,4,0
28,44.0,82.5,1,1
29,48.0,84.2,2,1
30,37.0,40.9,4,0
31,15.0,117.5,0,1
32,6.0,43.2,4,1
33,19.0,62.2,3,1
34,8.0,76.8,0,1
35,9.0,87.4,1,1
36,21.0,59.7,1,0
37,43.0,39.1,3,1
38,25.0,62.9,3,1
39,56.0,65.3,0,1
40,70.0,88.5,1,0
41,25.0,114.3,3,1
42,18.0,115.7,4,1
43,50.0,116.3,1,0
44,42.0,66.2,5,0
45,56.0,41.1,2,0
46,45.0,73.8,2,0
47,21.0,53.2,3,1
48,66.0,68.4,3,0
49,42.0,79.6,1,1
50,52.0,92.7,1,1
51,49.0,79.2,0,0
52,56.0,51.6,0,0
53,54.0,119.5,2,1
54,30.0,55.7,0,0
55,4.0,118.8,3,1
56,35.0,44.2,0,0
57,65.0,43.5,2,0
58,11.0,100.6,0,1
59,57.0,51.4,2,0
60,48.0,21.9,0,0
61,51.0,58.9,2,0
62,16.0,117.7,3,1
63,6.0,23.5,4,1
64,20.0,56.3,3,1
65,45.0,72.3,2,1
66,29.0,82.5,2,1
67,19.0,46.6,0,1
68,29.0,95.8,2,1
69,53.0,87.5,1,0
70,19.0,109.3,3,1
71,40.0,116.5,1,0
72,30.0,62.7,0,1
73,72.0,31.9,1,0
74,62.0,37.8,1,0
75,52.0,91.4,1,0
76,40.0,65.0,0,1
77,29.0,74.3,3,1
78,49.0,119.5,2,0
79,61.0,96.9,2,0
80,11.0,47.5,0,0
81,4.0,118.0,1,1
82,34.0,51.7,4,0
83,20.0,95.9,1,1
84,64.0,56.7,1,1
85,20.0,92.7,3,1
86,66.0,67.2,0,0
87,37.0,67.7,0,0
88,60.0,57.1,3,1
89,33.0,72.2,1,1
90,52.0,117.6,1,1
91,70.0,38.0,2,0
92,13.0,107.1,0,1
93,19.0,21.3,2,0
94,38.0,39.0,2,1
95,28.0,108.1,2,1
96,58.0,111.8,0,1
97,67.0,53.4,0,0
98,42.0,41.6,1,1
99,10.0,91.2,1,1
100,28.0,99.9,4,1
101,23.0,30.3,3,0
102,47.0,74.4,2,0
103,19.0,37.7,1,0
104,7.0,78.5,0,1
105,37.0,95.7,1,1
106,21.0,49.5,0,1
107,36.0,107.1,1,1
108,26.0,29.7,1,0
109,55.0,39.1,0,0
110,19.0,22.0,1,0
111,53.0,116.5,0,0
112,9.0,73.0,2,1
113,56.0,100.6,2,1
114,72.0,100.7,1,1
115,21.0,86.5,1,0
116,72.0,100.9,0,1
117,45.0,58.0,3,0
118,41.0,52.5,1,0
119,19.0,99.4,1,1
120,49.0,55.0,4,0
121,33.0,49.1,0,0
122,43.0,93.4,1,0
123,35.0,49.9,1,0
124,57.0,99.7,1,0
125,38.0,116.4,0,0
126,25.0,40.1,0,0
127,24.0,41.5,1,1
128,41.0,56.1,1,0
129,70.0,21.4,1,0
130,8.0,30.7,3,1
131,2.0,51.6,3,1
132,33.0,86.2,0,0
133,14.0,97.6,0,1
134,65.0,84.4,2,0
135,41.0,85.1,2,0
136,59.0,99.0,1,1
137,59.0,52.2,1,0
138,2.0,80.4,1,1
139,63.0,106.9,1,1
140,31.0,31.7,3,0
141,17.0,84.9,0,1
142,63.0,66.2,3,0
143,60.0,66.3,0,0
144,63.0,69.1,1,0
145,64.0,62.2,0,0
146,69.0,93.2,0,1
147,19.0,52.9,2,1
148,18.0,44.2,1,1
149,5.0,71.7,0,1
150,54.0,99.3,1,0
151,28.0,103.8,5,1
152,49.0,42.5,2,0
153,58.0,58.3,0,1
154,19.0,45.2,3,0
155,72.0,20.7,3,0
156,43.0,51.1,2,0
157,64.0,46.8,4,1
158,38.0,107.3,3,1
159,66.0,42.7,0,0
160,36.0,119.8,1,1
161,58.0,28.6,0,0
162,28.0,20.1,0,0
163,1.0,97.9,0,1
164,52.0,44.2,4,0
165,9.0,37.5,2,0
166,68.0,114.6,1,0
167,41.0,110.8,1,1
168,27.0,51.0,1,1
169,56.0,65.0,3,1
170,69.0,38.7,5,0
171,30.0,86.3,0,1
172,51.0,119.4,2,1
173,31.0,27.8,3,1
174,10.0,20.8,2,1
175,13.0,22.6,0,0
176,61.0,85.9,3,1
177,33.0,54.9,1,0
178,26.0,117.4,1,1
179,24.0,110.8,1,1
180,26.0,33.8,3,0
181,22.0,117.8,0,1
182,57.0,109.2,4,1
183,51.0,63.2,0,1
184,43.0,84.5,1,1
185,57.0,77.4,0,0
186,9.0,76.7,0,1
187,61.0,37.1,1,0
188,18.0,107.9,1,1
189,9.0,27.7,0,1
190,38.0,105.8,3,1
191,27.0,22.6,1,0
192,52.0,94.4,0,0
193,55.0,108.2,1,1
194,61.0,111.2,1,1
195,14.0,82.4,1,1
196,48.0,33.5,1,0
197,25.0,67.1,2,1
198,49.0,50.5,1,0
199,53.0,119.9,1,0
200,59.0,23.7,0,0
201,32.0,78.8,1,0
202,37.0,48.9,2,0
203,41.0,47.2,2,0
204,39.0,29.2,0,0
205,59.0,34.9,1,0
206,25.0,95.7,2,1
207,61.0,78.4,2,0
208,12.0,57.7,0,0
209,52.0,94.4,1,1
210,53.0,43.9,2,0
211,43.0,75.7,2,1
212,19.0,80.6,0,1
213,44.0,32.7,0,0
214,16.0,113.0,2,1
215,5.0,53.5,3,0
216,55.0,29.6,2,0
217,30.0,39.2,2,1
218,18.0,79.5,2,0
219,52.0,91.7,2,0
220,27.0,64.6,2,1
221,42.0,35.6,3,1
222,23.0,91.6,0,1
223,11.0,96.7,0,1
224,16.0,72.0,1,1
225,21.0,55.1,3,0
226,37.0,91.5,2,1
227,47.0,41.0,0,0
228,70.0,29.0,0,0
229,43.0,61.0,1,0
230,70.0,113.8,4,0
231,13.0,43.3,1,1
232,7.0,39.8,0,1
233,8.0,39.5,4,1
234,30.0,104.4,0,1
235,28.0,72.9,2,1
236,57.0,107.0,2,0
237,3.0,96.4,0,1
238,43.0,64.9,4,1
239,70.0,96.5,1,0
240,26.0,98.6,1,0
241,38.0,107.0,1,1
242,45.0,75.8,0,1
243,45.0,102.4,3,1
244,40.0,75.5,4,1
245,30.0,55.5,2,0
246,29.0,103.6,1,1
247,10.0,47.7,0,0
248,58.0,25.7,2,0
249,66.0,65.7,1,0
250,13.0,76.5,1,1
251,12.0,39.1,1,0
252,72.0,106.1,1,0
253,1.0,56.1,1,1
254,61.0,51.2,0,0
255,69.0,112.8,2,1
256,54.0,39.3,1,0
257,19.0,41.4,2,1
258,56.0,52.6,2,1
259,45.0,105.6,1,1
260,52.0,92.9,0,0
261,36.0,106.4,0,1
262,22.0,61.2,1,0
263,67.0,93.1,1,0
264,41.0,63.7,1,0
265,25.0,45.5,4,0
266,14.0,35.7,4,0
267,49.0,113.7,0,0
268,9.0,85.3,2,1
269,43.0,59.2,2,0
270,38.0,29.3,3,1
271,70.0,97.3,0,0
272,59.0,42.1,1,0
273,24.0,80.3,5,1
274,34.0,75.6,1,1
275,71.0,112.8,0,0
276,60.0,108.9,4,0
277,7.0,117.5,0,1
278,52.0,78.2,0,0
279,56.0,88.7,0,0
280,72.0,34.3,2,0
281,59.0,87.9,1,0
282,67.0,108.8,0,0
283,69.0,21.8,3,0
284,11.0,87.9,2,1
285,67.0,81.6,1,0
286,3.0,108.5,2,1
287,49.0,105.1,0,1
288,61.0,71.5,1,0
289,29.0,55.9,2,1
290,62.0,76.9,1,0
291,49.0,93.1,0,0
292,47.0,73.7,1,0
293,43.0,104.1,0,0
294,11.0,56.5,4,1
295,70.0,97.9,1,0
296,50.0,66.8,2,1
297,62.0,55.7,0,0
298,25.0,73.3,3,0
299,11.0,104.0,1,1
300,50.0,95.4,1,1
