id,area_m2,rooms,age_years,neighborhood,price_k
241,139.4,5,58.1,north,301.1
249,121.9,3,7.8,south,306.0
61,71.7,1,12.2,north,170.2
31,142.3,5,20.3,north,364.5
388,150.5,5,53.1,south,363.7
295,78.9,3,54.3,north,174.3
176,36.9,1,9.1,central,130.3
376,111.8,5,41.6,south,308.0
398,50.2,2,59.5,north,98.6
116,105.7,4,48.8,south,230.3
288,112.5,2,26.0,central,301.8
299,74.2,2,25.4,north,156.4
282,151.1,5,30.5,south,374.4
81,45.7,1,7.6,north,93.7
396,140.3,5,22.1,central,378.4
169,,3,56.7,central,270.6
274,91.0,4,49.8,central,272.0
269,114.8,4,31.1,central,306.7
119,50.9,2,53.5,south,137.5
372,128.7,4,29.8,south,304.2
203,136.2,4,54.5,north,280.9
309,115.8,3,30.7,north,269.2
339,37.6,1,59.8,central,80.5
294,81.0,4,58.9,central,205.8
370,134.4,4,12.9,central,386.6
205,41.8,1,18.6,south,111.4
133,144.9,4,24.6,south,362.6
232,83.7,3,41.1,central,246.0
130,125.9,4,29.3,central,336.7
27,89.9,3,38.6,central,240.3
224,116.9,3,13.7,central,316.0
208,130.4,3,35.7,south,324.1
52,126.7,4,54.6,north,290.7
313,79.3,3,1.9,south,231.2
267,95.2,3,11.5,central,264.8
15,119.4,3,22.2,north,292.3
102,112.4,4,19.3,south,316.7
254,143.1,5,26.7,south,361.3
189,145.7,4,35.7,south,357.0
53,91.1,4,34.0,south,239.0
141,116.9,3,33.8,central,322.0
57,94.0,3,30.4,central,261.5
262,59.3,2,37.8,north,123.3
356,36.7,1,5.5,south,99.9
163,149.1,5,50.7,north,326.1
303,125.0,4,31.1,north,301.7
112,151.2,4,42.4,central,398.9
66,99.1,4,47.0,central,270.3
110,74.5,3,8.7,north,195.4
400,100.7,3,,central,267.5
374,107.1,5,47.8,north,271.5
233,152.9,4,30.6,central,406.4
115,60.3,3,34.0,central,173.2
29,35.4,1,40.7,central,108.4
42,70.1,2,25.1,south,158.7
4,67.7,2,11.7,central,199.2
23,,3,33.6,central,310.1
361,154.2,5,46.0,north,368.0
91,146.6,5,55.0,south,360.8
343,80.5,3,45.3,south,191.6
357,64.2,2,52.0,central,155.8
229,76.5,2,32.5,central,191.5
238,52.7,3,35.3,central,164.1
265,84.3,2,49.3,south,195.6
58,92.2,3,17.3,north,226.1
160,50.5,1,45.7,central,134.9
140,153.2,5,10.5,north,370.1
142,148.8,4,59.9,south,330.1
90,64.3,2,44.9,south,149.2
237,68.3,3,57.1,central,169.3
298,91.9,3,45.2,south,220.6
244,89.7,2,14.8,central,263.5
121,126.1,5,46.4,north,291.9
242,96.9,4,51.5,central,249.9
250,155.5,4,15.9,south,391.0
175,155.8,6,21.4,north,392.3
382,126.6,3,10.3,south,347.9
178,114.1,3,2.8,central,333.4
245,51.8,3,19.7,north,119.7
99,153.4,4,45.9,north,339.5
194,36.1,2,10.5,central,142.3
358,78.2,2,39.8,south,201.4
60,141.9,4,23.7,south,355.0
240,92.9,3,27.1,north,227.4
75,77.6,3,44.8,central,231.5
80,114.6,4,32.2,north,281.9
156,125.4,4,43.7,central,321.0
221,40.9,1,49.9,north,64.5
82,,3,11.4,north,179.1
51,102.1,3,45.0,south,248.7
257,97.5,3,50.0,central,260.7
337,48.0,1,14.7,south,153.9
315,93.5,3,,central,288.1
368,145.5,4,,central,363.5
217,125.4,3,57.9,central,305.1
54,73.2,2,24.5,north,171.1
362,79.7,3,7.9,central,251.8
146,56.7,2,19.5,central,188.0
369,104.3,4,25.1,north,230.3
357,64.2,2,52.0,central,155.8
311,63.3,3,35.0,north,174.8
182,122.8,5,30.4,central,341.9
201,128.4,3,9.9,central,381.1
67,111.6,4,48.3,north,285.1
378,146.6,5,36.6,north,351.6
222,96.8,3,30.9,central,245.7
164,57.8,1,35.6,north,122.1
397,144.4,4,58.1,central,337.2
85,154.6,5,58.0,south,360.3
345,108.1,3,23.2,central,316.2
338,89.7,2,11.1,north,246.9
100,,2,16.2,south,114.8
33,127.0,4,4.1,south,323.7
333,89.2,3,12.2,central,250.9
16,117.5,4,18.0,central,338.1
264,48.2,1,19.7,south,110.5
304,93.0,3,,central,241.3
239,108.9,4,49.4,north,253.0
174,114.3,4,18.0,central,336.9
87,134.7,5,52.9,north,312.1
38,152.5,5,37.3,central,401.5
3,150.4,5,10.8,central,427.4
63,136.1,4,40.9,central,371.9
139,,2,24.7,central,133.2
165,158.9,4,5.2,south,382.0
314,65.7,3,40.8,central,183.7
148,118.1,3,,central,316.5
149,39.0,2,27.6,south,109.7
74,67.1,2,,central,187.5
278,90.5,3,37.7,north,229.6
105,96.9,3,32.5,south,239.5
158,42.4,1,34.7,central,118.7
17,127.0,4,51.8,south,282.0
171,38.8,1,27.3,central,135.6
89,,3,4.3,south,196.0
365,136.9,5,34.5,north,328.2
103,72.7,2,42.7,central,231.1
319,56.0,2,59.8,south,127.1
71,158.6,5,7.0,north,410.2
134,102.2,5,9.3,north,279.6
335,71.4,3,7.8,south,204.3
54,73.2,2,24.5,north,171.1
236,81.5,2,18.0,north,204.1
271,138.8,4,26.9,central,421.1
19,56.5,2,4.2,north,144.6
323,124.7,4,39.4,north,294.0
21,42.5,2,27.8,north,92.2
56,128.9,4,16.6,north,304.7
289,149.9,5,19.4,north,360.8
348,126.6,4,34.6,south,286.9
293,73.2,2,,north,174.8
297,35.4,2,16.8,central,155.9
151,99.4,4,22.9,north,259.9
195,62.7,2,4.9,south,174.7
166,145.0,4,58.2,south,317.1
353,143.8,5,24.6,south,376.4
98,137.9,4,42.2,central,354.6
394,56.6,1,27.9,central,149.4
155,146.8,6,11.3,north,396.5
123,121.6,4,45.1,central,327.6
114,,5,27.8,north,408.5
246,76.6,1,37.8,south,163.6
270,130.9,3,44.6,central,339.7
109,112.8,4,,central,290.3
284,92.8,3,18.6,central,255.2
95,92.7,4,31.6,south,250.5
296,,3,45.3,south,189.5
126,47.8,1,31.7,central,158.8
379,100.0,3,21.1,north,234.6
395,,5,21.4,south,342.1
92,82.2,2,53.3,central,215.0
391,117.5,4,58.7,south,275.9
214,38.5,1,37.9,central,132.2
308,153.3,5,57.1,south,362.8
385,159.5,5,5.4,south,426.0
188,70.1,2,51.4,south,136.1
336,94.1,4,35.2,south,253.0
25,42.5,2,3.1,north,105.7
325,149.9,6,54.0,south,376.9
256,82.8,2,58.3,south,185.3
127,40.5,1,24.5,central,147.1
334,104.4,3,48.2,central,251.8
79,138.7,4,41.7,north,302.8
207,104.2,4,58.3,north,236.0
179,97.7,4,20.9,south,249.4
342,60.9,2,43.5,central,150.0
223,81.3,3,,central,219.1
321,35.6,1,46.3,central,126.4
228,120.4,4,39.2,central,317.8
290,150.1,5,54.2,central,381.6
62,,4,23.1,central,358.8
390,64.4,1,,central,179.1
94,39.2,1,33.4,central,114.2
331,59.7,2,31.9,central,167.6
347,146.6,4,25.1,central,369.0
70,101.4,3,52.8,north,216.3
37,57.8,2,8.2,south,153.4
41,138.6,5,42.4,central,370.6
161,50.3,1,27.3,south,142.7
377,43.8,1,20.9,central,146.5
12,111.2,3,51.9,central,286.3
145,98.0,4,8.4,north,253.6
281,50.7,2,56.0,central,141.8
371,65.3,2,46.5,north,140.7
243,37.2,1,11.2,central,136.6
128,84.1,2,22.3,north,196.6
213,64.4,2,18.8,central,210.2
185,46.3,1,12.2,north,121.1
47,81.3,4,38.0,central,246.2
247,97.7,2,20.8,central,258.8
306,133.5,4,14.3,south,365.3
366,146.2,5,37.5,north,384.3
177,126.6,4,14.0,north,319.0
211,130.3,3,4.2,south,318.7
129,,4,2.2,north,308.9
144,108.6,3,8.0,central,328.8
8,74.8,3,52.7,central,205.1
355,80.4,2,30.1,south,187.9
255,105.1,3,52.3,north,242.0
329,97.3,3,44.9,north,211.7
180,50.1,1,,central,155.8
173,108.6,4,57.2,north,221.4
218,68.2,3,27.0,central,209.2
302,96.4,3,53.6,south,245.9
9,155.5,5,56.8,central,397.0
157,150.8,5,24.8,central,414.8
28,101.6,3,36.5,central,286.0
301,106.6,4,35.9,south,261.1
360,,2,33.2,north,111.7
59,128.3,4,16.1,central,366.1
206,,1,10.0,central,165.3
65,38.1,2,1.7,central,146.1
83,120.1,3,31.2,central,324.7
145,98.0,4,8.4,north,253.6
214,38.5,1,37.9,central,132.2
260,42.7,3,38.2,central,169.8
154,140.4,5,16.8,central,420.0
49,46.5,1,34.6,central,150.4
209,,5,36.7,south,318.9
327,111.5,4,39.6,south,289.8
32,88.2,2,46.5,central,248.6
2,82.5,3,2.6,north,238.2
172,46.6,1,27.5,central,146.6
268,140.7,4,46.4,central,366.0
14,143.0,4,49.0,north,317.1
375,152.0,5,54.4,central,351.9
10,68.0,1,53.2,central,181.2
147,42.9,1,54.4,south,86.8
266,,1,41.1,central,167.0
272,50.9,2,12.5,south,135.2
380,45.5,1,37.5,north,102.9
96,144.2,4,35.6,north,333.6
35,54.2,2,29.7,central,170.3
97,78.8,1,20.6,south,224.1
337,48.0,1,14.7,south,153.9
285,90.4,3,8.2,north,245.3
259,158.2,5,21.3,central,432.4
117,82.5,3,24.5,south,215.5
46,91.1,3,59.5,south,204.4
162,101.4,3,8.5,central,270.2
315,93.5,3,,central,288.1
118,136.0,3,4.4,north,328.4
78,59.8,2,44.6,north,145.8
322,139.1,5,54.1,north,312.4
64,,4,44.8,south,320.3
231,40.3,2,51.5,central,116.9
187,96.1,3,38.2,north,201.0
275,93.3,3,31.6,south,227.2
200,68.3,3,6.4,north,165.4
279,104.9,3,48.7,north,235.8
122,56.9,1,50.9,south,121.3
381,81.8,2,15.7,south,214.6
354,51.7,3,32.2,north,133.4
159,,2,57.5,central,111.7
86,52.1,1,37.3,central,148.9
226,,1,7.8,north,147.4
263,35.5,2,17.1,north,86.5
341,149.1,4,52.2,central,378.9
77,75.8,2,1.5,central,234.4
320,108.6,3,8.8,south,288.9
307,,2,48.1,central,257.9
88,97.3,3,49.1,central,245.3
299,74.2,2,25.4,north,156.4
183,106.1,3,40.3,central,273.2
106,130.1,5,48.6,central,350.9
50,63.3,3,21.7,north,159.8
6,49.8,3,54.8,south,88.6
18,62.8,2,35.7,central,197.5
235,74.3,2,0.3,south,182.2
328,62.0,2,23.5,central,187.4
107,120.9,4,2.8,north,317.4
135,47.2,1,41.5,north,98.2
332,75.8,2,54.4,south,174.4
227,142.4,5,32.0,central,382.0
215,149.0,4,7.1,south,368.3
191,89.9,2,53.0,south,219.2
363,94.1,4,21.3,central,267.3
283,107.5,4,51.9,south,274.3
30,66.4,2,9.3,south,179.7
170,74.3,2,36.8,central,181.9
181,142.2,4,27.8,central,387.6
101,72.2,3,18.7,north,165.2
198,127.6,5,38.4,south,341.4
210,120.3,3,41.0,north,285.9
136,52.7,2,34.6,north,130.9
386,58.6,2,21.6,central,162.0
352,143.2,5,0.6,south,388.8
199,152.7,5,,south,350.9
167,75.4,1,23.2,south,180.3
317,39.8,2,37.7,south,107.2
137,155.3,5,55.1,south,367.9
286,41.2,1,52.2,central,83.5
132,108.9,4,37.3,central,291.2
40,93.5,3,18.2,north,239.3
216,,3,46.1,south,195.9
44,157.1,5,30.8,central,409.7
55,,4,7.8,south,403.2
389,136.6,4,,south,344.8
300,68.0,2,16.9,central,192.6
373,67.4,3,17.7,south,189.3
305,141.4,5,31.1,central,410.7
36,159.0,5,7.4,north,386.6
316,132.1,5,20.2,north,328.4
310,87.7,2,0.3,north,236.6
277,67.2,4,58.8,central,187.9
125,104.6,3,0.4,north,287.7
143,54.1,2,12.1,central,197.8
111,69.7,2,54.0,central,158.1
324,57.3,1,38.6,south,116.9
359,73.6,3,54.4,south,159.7
108,66.0,3,18.8,south,183.7
13,143.0,5,42.4,central,367.7
273,40.5,1,,central,125.2
48,95.3,3,9.5,central,283.1
204,135.9,4,29.8,central,385.1
351,65.1,2,23.9,north,155.6
120,153.9,4,2.8,central,399.8
22,120.5,5,58.8,central,299.5
84,51.8,1,41.6,central,132.4
131,118.6,3,57.0,central,311.1
330,120.4,5,32.1,south,304.5
230,38.1,1,41.2,central,130.4
284,92.8,3,18.6,central,255.2
287,69.4,3,23.2,central,222.2
124,46.6,3,17.0,south,123.6
34,150.3,5,14.9,south,395.8
387,114.7,3,37.8,central,309.8
5,74.9,2,4.5,north,180.0
20,143.8,4,30.2,central,369.1
220,57.3,2,9.5,central,207.3
249,121.9,3,7.8,south,306.0
150,64.8,2,56.7,central,169.8
225,35.0,1,15.0,central,103.4
248,102.9,3,21.0,north,224.5
364,,4,3.4,north,337.3
152,110.3,3,25.3,north,250.3
318,132.8,5,3.2,central,366.8
292,102.0,3,29.9,north,223.8
234,149.8,5,48.1,south,374.4
11,90.1,3,59.4,south,211.7
280,141.2,6,52.2,central,390.0
72,35.7,2,47.5,north,60.2
253,101.1,4,35.8,south,255.7
93,44.5,1,,central,119.6
350,59.3,1,52.7,north,115.3
193,113.9,3,56.4,south,247.6
258,101.2,3,,north,210.3
340,57.4,3,32.3,south,159.9
204,135.9,4,29.8,central,385.1
196,62.1,2,,south,150.7
344,57.6,2,39.2,north,154.5
138,134.8,4,20.1,south,332.9
261,40.6,1,37.4,central,104.6
39,45.9,2,30.5,north,81.3
202,35.3,1,3.1,south,104.9
383,46.6,1,34.1,north,99.5
291,67.0,2,0.8,north,171.6
190,136.0,3,28.9,south,366.1
252,129.4,4,25.1,south,350.6
113,69.9,3,23.9,central,229.2
184,157.6,5,26.6,north,387.8
153,70.4,2,56.7,south,165.0
313,79.3,3,1.9,south,231.2
326,79.1,2,7.4,north,186.8
192,115.2,3,1.0,north,317.9
45,140.2,5,6.6,south,388.6
276,155.0,4,53.1,north,324.3
7,65.2,2,8.4,central,209.7
251,81.9,3,9.0,south,224.0
312,55.3,1,0.1,south,144.9
76,41.6,2,6.7,north,117.7
1,157.1,5,15.0,north,381.0
392,144.3,4,17.4,central,391.3
384,118.5,4,22.9,central,330.4
69,91.5,3,23.7,central,264.6
168,58.9,3,2.1,central,198.7
393,119.9,4,56.8,south,274.6
219,157.5,5,37.8,north,359.9
43,143.6,5,8.4,north,367.0
367,108.4,3,19.6,north,279.2
346,108.5,4,15.7,north,252.9
73,60.2,2,45.3,south,125.8
24,111.4,3,54.7,north,257.9
399,83.5,3,58.2,central,225.7
186,125.9,5,53.5,north,289.7
349,153.0,4,51.5,north,337.1
104,56.9,3,38.0,north,121.5
212,109.9,3,45.5,north,257.4
68,70.0,3,36.6,central,203.7
26,157.2,5,,central,441.1
197,62.5,3,41.2,south,146.5
176,36.9,1,9.1,central,130.3
